{
  "test1": {
    "ci": [
      0.03902888670563698,
      0.14460143446922302,
      -0.22627772390842438,
      0.23906593024730682,
      0.09335546940565109,
      0.012834956869482994,
      -0.0005693228449672461,
      0.10138818621635437,
      -0.19699648022651672,
      0.24432986974716187,
      0.12463895976543427,
      0.005621667020022869,
      -0.04061541706323624,
      0.053279176354408264,
      -0.15702052414417267,
      0.22781489789485931,
      0.146681547164917,
      -0.0072151245549321175,
      -0.07272396981716156,
      0.01585773378610611,
      -0.122512586414814,
      0.2030436396598816,
      0.16346800327301025,
      -0.023959841579198837,
      -0.0953882485628128,
      -0.011234479956328869,
      -0.09439221024513245,
      0.17349810898303986,
      0.17339174449443817,
      -0.031383439898490906
    ],
    "mse": [
      7.452758291037753e-05,
      7.845489744795486e-05,
      7.47550293453969e-05,
      7.690912752877921e-05,
      7.619305688422173e-05,
      7.263116276590154e-05,
      5.212092219153419e-05,
      5.410575613495894e-05,
      5.672448969562538e-05,
      5.6069748097797856e-05,
      5.414729457697831e-05,
      5.0881611969089136e-05,
      4.3019848817493767e-05,
      4.71434359496925e-05,
      4.813852865481749e-05,
      5.5681506637483835e-05,
      4.8210851673502475e-05,
      4.3184958485653624e-05,
      4.449201878742315e-05,
      4.276772233424708e-05,
      4.80379858345259e-05,
      5.5059172154869884e-05,
      4.7917215852066875e-05,
      4.873699799645692e-05,
      6.238740752451122e-05,
      5.530202543013729e-05,
      6.220834620762616e-05,
      6.118586316006258e-05,
      6.468442006735131e-05,
      6.048120485502295e-05
    ],
    "labels": [
      "\u03ba=1",
      "\u03ba=1",
      "\u03ba=1",
      "\u03ba=1",
      "\u03ba=1",
      "\u03ba=1",
      "\u03ba=3",
      "\u03ba=3",
      "\u03ba=3",
      "\u03ba=3",
      "\u03ba=3",
      "\u03ba=3",
      "\u03ba=10",
      "\u03ba=10",
      "\u03ba=10",
      "\u03ba=10",
      "\u03ba=10",
      "\u03ba=10",
      "\u03ba=30",
      "\u03ba=30",
      "\u03ba=30",
      "\u03ba=30",
      "\u03ba=30",
      "\u03ba=30",
      "\u03ba=100",
      "\u03ba=100",
      "\u03ba=100",
      "\u03ba=100",
      "\u03ba=100",
      "\u03ba=100"
    ],
    "kappas": [
      1.0,
      1.0,
      1.0,
      1.0,
      1.0,
      1.0,
      3.1622776985168457,
      3.1622776985168457,
      3.1622776985168457,
      3.1622776985168457,
      3.1622776985168457,
      3.1622776985168457,
      10.0,
      10.0,
      10.0,
      10.0,
      10.0,
      10.0,
      31.622777938842773,
      31.622777938842773,
      31.622777938842773,
      31.622777938842773,
      31.622777938842773,
      31.622777938842773,
      100.0,
      100.0,
      100.0,
      100.0,
      100.0,
      100.0
    ],
    "mag_ratios": [
      1.0011987686157227,
      1.0000724792480469,
      0.9993149042129517,
      0.9990528225898743,
      0.9999271035194397,
      0.9978258013725281,
      0.5119062066078186,
      0.5125218629837036,
      0.5118822455406189,
      0.5095726847648621,
      0.5093376636505127,
      0.511997640132904,
      0.22401179373264313,
      0.22358129918575287,
      0.22324083745479584,
      0.2220279574394226,
      0.2213725596666336,
      0.22350500524044037,
      0.08887729793787003,
      0.08829260617494583,
      0.0880591943860054,
      0.08760270476341248,
      0.08731406927108765,
      0.08829201012849808,
      0.03329402208328247,
      0.03291735053062439,
      0.03283393755555153,
      0.03269067406654358,
      0.032630108296871185,
      0.03302397578954697
    ]
  },
  "test2": {
    "trajectories": [
      {
        "ci": [
          0.02496076561510563,
          0.10265164077281952,
          0.17153781652450562,
          0.13098964095115662,
          0.12527063488960266,
          0.12425302714109421,
          0.12441784888505936,
          0.12477871775627136
        ],
        "mse": [
          1.0557717084884644,
          0.4044174551963806,
          0.20689278841018677,
          0.008020508103072643,
          0.0018548003863543272,
          0.0009489424992352724,
          0.0007194678764790297,
          0.00042069636401720345
        ],
        "mag_ratio": [
          0.022991707548499107,
          0.09012793749570847,
          0.18986958265304565,
          0.4462987780570984,
          0.4520735442638397,
          0.45147421956062317,
          0.45127570629119873,
          0.4511416554450989
        ],
        "epochs": [
          0,
          5,
          10,
          20,
          50,
          100,
          150,
          200
        ]
      },
      {
        "ci": [
          0.015416933223605156,
          -0.028315134346485138,
          -0.08575814962387085,
          -0.013021400198340416,
          0.004318917170166969,
          0.004214453045278788,
          0.00431561516597867,
          0.004380743484944105
        ],
        "mse": [
          1.0453946590423584,
          0.43749889731407166,
          0.19105595350265503,
          0.06495073437690735,
          0.002263381378725171,
          0.000972070440184325,
          0.0007959360955283046,
          0.000528222240973264
        ],
        "mag_ratio": [
          0.023143241181969643,
          0.07185303419828415,
          0.21484722197055817,
          0.3669764995574951,
          0.5633660554885864,
          0.5631282329559326,
          0.5633426308631897,
          0.5636855959892273
        ],
        "epochs": [
          0,
          5,
          10,
          20,
          50,
          100,
          150,
          200
        ]
      },
      {
        "ci": [
          -0.02499595284461975,
          -0.02432326041162014,
          0.12907086312770844,
          0.10839926451444626,
          0.10546528548002243,
          0.10527395457029343,
          0.10525348782539368,
          0.10515812784433365
        ],
        "mse": [
          1.0045690536499023,
          0.3305785059928894,
          0.1343146115541458,
          0.00604460621252656,
          0.0015775004867464304,
          0.0007167920703068376,
          0.0004789542581420392,
          0.000420503260102123
        ],
        "mag_ratio": [
          0.023381739854812622,
          0.1104765236377716,
          0.23578494787216187,
          0.4510131776332855,
          0.45464658737182617,
          0.45403698086738586,
          0.4537661373615265,
          0.453502357006073
        ],
        "epochs": [
          0,
          5,
          10,
          20,
          50,
          100,
          150,
          200
        ]
      },
      {
        "ci": [
          -0.01318186055868864,
          0.03361259028315544,
          -0.007760326378047466,
          -0.015449597500264645,
          0.03155379369854927,
          0.02999565750360489,
          0.0294384453445673,
          0.029345275834202766
        ],
        "mse": [
          1.0312176942825317,
          0.4244963824748993,
          0.20366275310516357,
          0.09218542277812958,
          0.0026826737448573112,
          0.0010271862847730517,
          0.000707919301930815,
          0.0005496945232152939
        ],
        "mag_ratio": [
          0.02338186278939247,
          0.0846119299530983,
          0.20486250519752502,
          0.31275418400764465,
          0.5752865076065063,
          0.5744590163230896,
          0.5734115242958069,
          0.5731551051139832
        ],
        "epochs": [
          0,
          5,
          10,
          20,
          50,
          100,
          150,
          200
        ]
      }
    ],
    "checkpoints": [
      0,
      5,
      10,
      20,
      50,
      100,
      150,
      200
    ]
  },