{
  "trained": {
    "0.0": {
      "mse_mean": 4.0805375950488575e-05,
      "mse_std": 7.255450694164244e-07,
      "ci_pipe_mean": 0.9999698797861735,
      "ci_pipe_std": 2.217598977134621e-06,
      "ci_chan_mean": 0.03884470245490471,
      "ci_chan_std": 0.03648110081355896,
      "mag_mean": 1.000038464864095
    },
    "0.01": {
      "mse_mean": 0.00027515623757305246,
      "mse_std": 1.2113004463959698e-05,
      "ci_pipe_mean": 0.9998301068941752,
      "ci_pipe_std": 1.2483280231864624e-05,
      "ci_chan_mean": 0.03728313961376747,
      "ci_chan_std": 0.035428154524889476,
      "mag_mean": 1.000482936700185
    },
    "0.03": {
      "mse_mean": 0.0007432919228449464,
      "mse_std": 8.740060007521068e-06,
      "ci_pipe_mean": 0.9995898604393005,
      "ci_pipe_std": 1.600966408514461e-05,
      "ci_chan_mean": 0.0351171533887585,
      "ci_chan_std": 0.03747996273044386,
      "mag_mean": 0.9986799558003744
    },
    "0.1": {
      "mse_mean": 0.002462521040191253,
      "mse_std": 0.00013204539954165363,
      "ci_pipe_mean": 0.9972899754842123,
      "ci_pipe_std": 0.00024095404202738188,
      "ci_chan_mean": 0.02449735999107361,
      "ci_chan_std": 0.06209365780015146,
      "mag_mean": 1.0134960810343425
    },
    "0.3": {
      "mse_mean": 0.012890906694034735,
      "mse_std": 0.0009877743896543805,
      "ci_pipe_mean": 0.9793039162953695,
      "ci_pipe_std": 0.0005422793158478487,
      "ci_chan_mean": 0.0039979008336861925,
      "ci_chan_std": 0.09397680088504295,
      "mag_mean": 1.1493656237920125
    },
    "1.0": {
      "mse_mean": 0.03041869153579076,
      "mse_std": 0.0014629491638702957,
      "ci_pipe_mean": 0.984304408232371,
      "ci_pipe_std": 0.002385621594354089,
      "ci_chan_mean": -0.0005505035320917765,
      "ci_chan_std": 0.1026609897359104,
      "mag_mean": 0.977178951104482
    },
    "3.0": {
      "mse_mean": 0.22898783286412558,
      "mse_std": 0.013517535216263766,
      "ci_pipe_mean": 0.6530013481775919,
      "ci_pipe_std": 0.08495553909399133,
      "ci_chan_mean": 0.025656919926404953,
      "ci_chan_std": 0.047389798125399056,
      "mag_mean": 0.7561318675676981
    }
  },
  "fixed_linear": {
    "0.0": {
      "mse_mean": 0.0021874206237650165,
      "mse_std": 0.0026148122055259775,
      "ci_pipe_mean": 0.9994376500447592,
      "ci_pipe_std": 0.0007389840209470745,
      "ci_chan_mean": 0.09854366071522236,
      "ci_chan_std": 0.05944672676739152,
      "mag_mean": 0.9277855753898621
    },
    "0.01": {
      "mse_mean": 0.013443902154297879,
      "mse_std": 0.015702225859122596,
      "ci_pipe_mean": 0.9990407228469849,
      "ci_pipe_std": 0.0012676832109434993,
      "ci_chan_mean": 0.09871448421229918,
      "ci_chan_std": 0.0596527093113177,
      "mag_mean": 0.9244319796562195
    },
    "0.03": {
      "mse_mean": 0.04776020425682267,
      "mse_std": 0.06410277599606216,
      "ci_pipe_mean": 0.9977914293607076,
      "ci_pipe_std": 0.002959470014262265,
      "ci_chan_mean": 0.09756057243794203,
      "ci_chan_std": 0.05914726987494723,
      "mag_mean": 0.9181483387947083
    },
    "0.1": {
      "mse_mean": 0.027054755638043087,
      "mse_std": 0.028240804282715533,
      "ci_pipe_mean": 0.7293774435917536,
      "ci_pipe_std": 0.3821492877033856,
      "ci_chan_mean": 0.0544503852725029,
      "ci_chan_std": 0.05501777563390746,
      "mag_mean": 0.6732365762193998
    },
    "0.3": {
      "mse_mean": 0.03479739557951689,
      "mse_std": 0.02718003872716804,
      "ci_pipe_mean": 0.6950694794456164,
      "ci_pipe_std": 0.4277763914087936,
      "ci_chan_mean": 0.043576962469766535,
      "ci_chan_std": 0.05678833687589305,
      "mag_mean": 0.6287727604309717
    },
    "1.0": {
      "mse_mean": 0.08592796077330907,
      "mse_std": 0.02453861312987585,
      "ci_pipe_mean": 0.5464537466565768,
      "ci_pipe_std": 0.3677912979272351,
      "ci_chan_mean": -0.008982464981575808,
      "ci_chan_std": 0.02198667403554417,
      "mag_mean": 0.45437264690796536
    },
    "3.0": {
      "mse_mean": 0.19790842632452646,
      "mse_std": 0.03803627951049059,
      "ci_pipe_mean": 0.35299475491046906,
      "ci_pipe_std": 0.19210985402432554,
      "ci_chan_mean": -0.0015133961957568924,
      "ci_chan_std": 0.019935705738961144,
      "mag_mean": 0.2796672110756238
    }
  }
}