{
  "dim": 32,
  "hidden": 256,
  "epochs": 1500,
  "emitter_params": 82464,
  "sequential": {
    "mean_curve": [
      0.849781850973765,
      0.10354967912038167,
      0.10272171099980672,
      0.10218505561351776,
      0.10185450315475464,
      0.10200998435417812,
      0.10184381157159805,
      0.10198741157849629,
      0.10236941029628117,
      0.10193631052970886,
      0.10201555738846461,
      0.10167217999696732,
      0.1017063707113266,
      0.10139863938093185,
      0.10127649952967961,
      0.10095587372779846,
      0.10102883726358414,
      0.10077284276485443,
      0.10057704895734787,
      0.10015595455964406,
      0.10010549674431483,
      0.09997993459304173,
      0.10006941854953766,
      0.099854476749897,
      0.09974148621161778,
      0.09972577045361201,
      0.09946852674086888,
      0.09959170470635097,
      0.09949904431899388,
      0.09945348153511684,
      0.09925779203573863,
      0.09936483452717464,
      0.09928426891565323,
      0.09920299053192139,
      0.09923566629489262,
      0.0990748330950737,
      0.09912874052921931,
      0.09908636411031087,
      0.09897072364886601,
      0.09894862522681554,
      0.09914858142534892,
      0.09884689003229141,
      0.09873831023772557,
      0.0987895851333936,
      0.09883413215478261,
      0.09885597477356593,
      0.09866478790839513,
      0.09870012352863948,
      0.09878918776909511,
      0.09882064163684845,
      0.09854054699341457,
      0.09872712939977646,
      0.09858388205369313,
      0.09869665404160817,
      0.09870083381732304,
      0.09844020505746205,
      0.09845792005459468,
      0.09870351105928421,
      0.09865271051724751,
      0.0985845575730006,
      0.09869677076737086
    ],
    "std_curve": [
      0.04628426963828732,
      0.000726156509874301,
      0.0015006394951758136,
      0.0013268853650601107,
      0.0009525080099762534,
      0.0012158122564815221,
      0.0011631402176895509,
      0.0010182282077545,
      0.0010883584296701846,
      0.000784352493831291,
      0.0006296825163958852,
      0.0005397707968345509,
      0.0006736417888410891,
      0.0005006066938028111,
      0.0005069611019294763,
      0.000504881226288199,
      0.000502406811115625,
      0.0005876236655048459,
      0.0004823089571663946,
      0.0006163576958293868,
      0.0004978279661378046,
      0.0005136408382330532,
      0.0005096863646255419,
      0.0005567262749997643,
      0.0007089470078789097,
      0.0007622887374492257,
      0.0007685707926631469,
      0.000647133425035996,
      0.000904141715633056,
      0.0007941343718575908,
      0.0007670413204909023,
      0.0009104407170667061,
      0.0008824179675266449,
      0.000842694287073991,
      0.000714157527611247,
      0.0009555328324628716,
      0.0008784649695898128,
      0.0008366553740609543,
      0.0008262124053117835,
      0.0009582277461889521,
      0.0009718525152376859,
      0.001005179427511196,
      0.0008332134659662996,
      0.0009007213011390219,
      0.0008302564514736452,
      0.0008329119878805438,
      0.0009078110843415894,
      0.0010011619938113336,
      0.0009671200951103813,
      0.0010436377445465425,
      0.0010451535351480277,
      0.0011743160573523764,
      0.0011229449120374218,
      0.0009199011257604626,
      0.001179060399098453,
      0.0010725022523278718,
      0.0011028685500651385,
      0.0010755688778980117,
      0.001006890322112417,
      0.0010432206952350487,
      0.0009977176281645945
    ],
    "epochs": [
      1,
      25,
      50,
      75,
      100,
      125,
      150,
      175,
      200,
      225,
      250,
      275,
      300,
      325,
      350,
      375,
      400,
      425,
      450,
      475,
      500,
      525,
      550,
      575,
      600,
      625,
      650,
      675,
      700,
      725,
      750,
      775,
      800,
      825,
      850,
      875,
      900,
      925,
      950,
      975,
      1000,
      1025,
      1050,
      1075,
      1100,
      1125,
      1150,
      1175,
      1200,
      1225,
      1250,
      1275,
      1300,
      1325,
      1350,
      1375,
      1400,
      1425,
      1450,
      1475,
      1500
    ],
    "final_mse_mean": 0.09869677076737086,
    "final_mse_std": 0.0009977176281645945
  },
  "joint": {
    "mean_curve": [
      0.4357380270957947,
      0.08079662919044495,
      0.08532661447922389,
      0.09976103653510411,
      0.10077280302842458,
      0.09977129350105922,
      0.1004811351497968,
      0.09760491301616032,
      0.09374429782231648,
      0.08702915037671725,
      0.08544066299994786,
      0.08276187255978584,
      0.08207843825221062,
      0.08011734609802564,
      0.07912101969122887,
      0.07858472689986229,
      0.07717070231835048,
      0.07705373813708623,
      0.07728914047280948,
      0.07761310413479805,
      0.07546528801321983,
      0.07506958643595378,
      0.07488896697759628,
      0.07393740862607956,
      0.07348090534408887,
      0.07312802722056706,
      0.07274903977910678,
      0.07222989946603775,
      0.07124799365798633,
      0.07112028698126475,
      0.07137819503744443,
      0.07017621025443077,
      0.06980708241462708,
      0.06985325366258621,
      0.06948464860518773,
      0.06909837201237679,
      0.0687279316286246,
      0.068342258532842,
      0.0695892870426178,
      0.068153016269207,
      0.06780106698473294,
      0.06807761391003926,
      0.06778002778689067,
      0.06706044326225917,
      0.06669245411952336,
      0.06643768399953842,
      0.0666669135292371,
      0.06634998073180516,
      0.06636546428004901,
      0.06573369726538658,
      0.06561019147435825,
      0.0657821719845136,
      0.06578438480695088,
      0.06580396989981334,
      0.06500148152311643,
      0.06491239120562871,
      0.0645391916235288,
      0.06464920938014984,
      0.06463648627201717,
      0.06399944424629211,
      0.06430947780609131
    ],
    "std_curve": [
      0.003441454911271507,
      0.0025804941102654756,
      0.0009006624729228978,
      0.0033778041112659685,
      0.011954843744952318,
      0.018986821878135225,
      0.021789059148898327,
      0.022922834049595383,
      0.022452008087459605,
      0.022931197604558508,
      0.023017844744809134,
      0.02383630255426223,
      0.02406143176558161,
      0.024505023835749633,
      0.02521311675366029,
      0.02529716731803523,
      0.025719579293964994,
      0.02535395318590037,
      0.025919007150007507,
      0.025383440314410907,
      0.02571791687944035,
      0.02576938480218805,
      0.026254477333466582,
      0.025748034536133127,
      0.025363299334198983,
      0.02544949637048824,
      0.02653945460523169,
      0.02588777445874019,
      0.02554717659131301,
      0.025125192362037762,
      0.025556169842495088,
      0.02522723482848519,
      0.02568871041911539,
      0.024928910236966004,
      0.026007691997794638,
      0.025293775158463153,
      0.02520046777358058,
      0.024785683615846668,
      0.02366107867995194,
      0.025276868592479355,
      0.024714886954395388,
      0.024441178555705233,
      0.02451358067082836,
      0.024848565918331355,
      0.02455042916657389,
      0.02418405483719158,
      0.025083457743159447,
      0.024302206526953685,
      0.02416612527684776,
      0.02434984265088241,
      0.02353808302320472,
      0.02410288713948069,
      0.023932819397036433,
      0.024010667236941795,
      0.023905237195540503,
      0.024151395217275017,
      0.02371334189877603,
      0.023869322808794377,
      0.02336839644345368,
      0.023664888189260422,
      0.023829793686925373
    ],